hours_used,day_of_week,room_temperature,appliance_type,current,usage_label
4,0,24.064444901680027,0,0.5599980717801177,0
17,6,27.069702730094825,1,1.0468237712692323,1
9,0,31.2904356073655,0,0.911871906734207,1
21,1,29.991555099907462,0,1.4271349172456607,1
20,4,25.588266990713954,0,1.397858830934421,1
5,1,32.69167502046087,1,0.45290113674041976,0
0,1,27.48838424309567,0,0.44242154411026424,0
4,5,27.178399271537614,0,0.48765553330076983,0
8,5,18.581192020965688,0,0.7696649852617352,1
11,0,34.773780666071744,1,0.7605641846139737,1
13,6,20.090503745003655,0,1.110003947821343,1
1,1,21.92922551126999,0,0.42540487762468976,0
16,0,18.878846233105957,0,1.1061723646979065,1
13,5,28.880050436227535,0,1.0809855722983068,1
12,4,21.81992000853556,1,0.7682318805587186,1
8,3,21.060177437036298,0,0.740516667045482,1
14,0,19.505444931795104,1,0.868782730514339,1
21,4,19.756252271108266,1,1.2407737321172074,1
14,3,27.939401907524008,1,0.8697627667730895,1
23,2,29.699533719732123,0,1.4397216971450468,1
10,0,24.755442803894816,1,0.7448533098443566,1
15,0,26.158250387065245,0,1.213743752063936,1
16,2,29.66145151171073,1,1.0325760995669753,1
3,2,18.295456433153152,1,0.2931157164787592,0
0,0,23.493221170194737,1,0.1899254233026241,0
7,2,34.54266171719589,1,0.5496739342385272,0
16,1,27.861907904822957,1,1.0299397194780955,1
2,3,22.321817858257386,1,0.3334170244359041,0
19,3,26.86941079281562,1,1.1132913100610753,1
14,3,23.825109298055562,1,0.9040997778206782,1
14,1,27.048164810047084,0,1.122864020230762,1
23,6,20.13760570071303,0,1.6227911161073385,1
21,2,20.256149114927716,1,1.2852253269912361,1
13,4,20.440220154669678,1,0.889452834368776,1
22,2,33.97693646275631,1,1.3041913313964681,1
13,0,30.45928161180281,0,1.1205229572601751,1
23,5,20.760492209259453,1,1.370488139797975,1
1,3,21.201934424015224,0,0.4069456044913215,0
12,2,30.4241010728049,0,1.0701684985062596,1
13,4,20.654785361466956,0,1.0848951636269515,1
23,0,21.987541986692086,0,1.5278477989435761,1
18,1,34.37689615794679,0,1.276025351630038,1
6,6,22.340210920383342,1,0.5148287772570381,0
2,1,29.247749956309494,1,0.3231592397633793,0
14,4,34.63673188580901,1,0.9098646132815604,1
22,0,24.363045041376473,1,1.3155654336721443,1
13,3,18.29777184465506,1,0.9349978687288192,1
10,2,22.15050393718036,0,0.9535771576117443,1
14,0,32.124912252809,1,0.9095317795632514,1
12,6,32.69835021123562,1,0.8470655290383742,1
17,1,31.06482919690445,0,1.198373804823623,1
5,6,19.92286692430174,1,0.46989635249734046,0
2,6,31.523676318838852,0,0.5904653174866555,0
18,4,33.617522548889575,1,1.0890977052303814,1
14,4,28.210362223286012,0,1.0576183035690458,1
22,2,33.9948810577471,1,1.267395555570347,1
4,4,32.05626102310192,1,0.3455183481328806,0
9,4,29.338515788845424,0,0.810761904593615,1
6,0,27.812149024099718,0,0.6814745950704986,0
16,3,23.925752343113498,0,1.129721649041068,1
6,2,20.707886569127687,0,0.7007809166974802,0
21,0,28.284216685739196,0,1.4951138586893324,1
11,3,23.40789641150803,0,0.904612190992654,1
16,6,32.72945734796997,0,1.2759641961820887,1
12,0,34.88672793509669,0,1.0255396044263798,1
19,5,30.791271964464734,1,1.201529029281203,1
3,0,19.538188819879863,1,0.3171082723073932,0
9,4,22.90765512402085,0,0.8927262613533309,1
2,3,19.854863740017745,1,0.24540330498023438,0
8,2,29.058698012459168,1,0.6445123750418256,0
12,2,31.00824469744834,1,0.8085919669896766,1
17,3,33.7364721249721,1,1.0776625609992392,1
14,4,25.44892988900379,0,1.0412202697187576,1
3,1,33.32338604300355,1,0.3052465078861698,0
14,0,32.92414970370257,0,1.1298614109126692,1
21,4,23.392327185011776,1,1.20258259978879,1
1,5,32.7713106341897,1,0.27316031460495616,0
14,6,24.38642828198935,1,0.8316431096769878,1
7,3,23.046777667524772,0,0.7924087106333334,0
7,0,29.034269199504685,1,0.4883738342615746,0
16,2,23.58248087404638,0,1.2276149968839762,1
11,6,28.71354872159545,1,0.7812815466823,1
18,1,28.367140693477808,0,1.2651614090785213,1
9,5,27.5784617649238,1,0.6791013283542364,0
8,2,24.467134971957563,0,0.8130221131666778,1
4,3,27.324495268075104,0,0.5730579071903632,0
5,0,28.140253074752167,1,0.3995722657961896,0
19,3,27.276677104423047,0,1.251868715416371,1
1,6,25.555130696770426,1,0.26748250236498466,0
23,0,18.249339969786483,1,1.2717598614318972,1
12,4,27.980049030919567,1,0.8047672099720654,1
5,1,20.863554547426233,1,0.43682758919588754,0
4,4,28.923791472102224,1,0.4339571387719098,0
0,4,30.90885357468872,1,0.1848977250255068,0
20,3,26.507570255222603,1,1.1835276106826453,1
21,6,27.22018230465555,1,1.2865935352144149,1
20,1,34.17513551432185,1,1.2167529014542058,1
5,0,32.40184514333376,1,0.46580779785913895,0
5,0,33.54202077117499,1,0.47346337949042633,0
22,5,31.83402690143297,0,1.4232213938396447,1
15,2,19.851611811394434,0,1.187839433999349,1
3,5,20.532861551493312,1,0.38062343970068013,0
10,5,26.952604553572314,1,0.6491658435711751,1
23,0,22.18318419956597,1,1.33779597631629,1
22,3,26.103823075699708,1,1.2980346356186185,1
8,4,24.704210504911956,1,0.5932751607799135,0
22,6,27.340042053317706,1,1.3166929983284268,1
2,4,30.696887174308984,1,0.37156833909155923,0
18,4,30.163345420687666,1,1.1540883363836416,1
7,1,26.860980252250684,0,0.6843890403284297,0
4,0,31.980688119889987,1,0.43110349951530247,0
3,6,25.324655556146567,0,0.6164466659767706,0
23,3,33.244142927282084,1,1.3693404260344602,1
5,1,19.211764590937786,1,0.5045490212592983,0
1,2,34.22922051056622,0,0.5506135222850382,0
19,3,29.12978238433292,1,1.2011854773053492,1
10,5,24.46126665193249,0,0.9124654297820864,1
3,3,21.351620151738913,1,0.4022544237042377,0
14,3,26.1461149005412,1,0.9072443916548447,1
5,4,21.307491494150117,0,0.6511951521642478,0
21,3,20.827637331633415,1,1.2324292882143133,1
16,5,28.49497987602056,0,1.2781706679416056,1
23,5,26.89244031789034,1,1.3090785667029001,1
5,0,29.39163258838601,0,0.7266183862339058,0
18,3,33.80329991617381,0,1.3249932061870187,1
1,4,27.048423626763682,1,0.1800346912599029,0
14,3,27.87584490546756,1,0.9183824646495712,1
10,2,19.523647765634017,0,0.7949986746174188,1
7,2,30.199808360446703,1,0.5812754008415518,0
18,4,24.798388515670656,1,1.1442615741494497,1
12,0,34.60432905726384,1,0.7703822022173974,1
11,0,31.993958265126224,0,0.9561773847977791,1
4,5,26.88217768877401,0,0.6977078716875145,0
5,5,20.094785120926822,0,0.6247126647869032,0
21,1,32.610068485770014,0,1.3970546206471701,1
3,4,31.596278622208366,0,0.62408317012313,0
18,3,21.13794720212956,0,1.3981293595265398,1
19,6,23.01973091674527,0,1.3501847835923924,1
0,4,31.487923388513234,0,0.45057315177041785,0
19,1,21.148883591305964,0,1.4170737957765442,1
16,5,33.601792315913414,1,0.9628757883730807,1
11,4,25.21696622833815,0,0.9257347082316066,1
14,4,19.479662363990197,1,0.9615437256577368,1
0,5,31.867726939572776,1,0.2842507139354255,0
13,1,24.34966461165259,1,0.8781440430087178,1
5,5,26.950486300614276,0,0.6060092823248973,0
4,0,19.909173854990726,0,0.6993530555849722,0
10,3,18.0439282523647,0,0.8734514551094018,1
3,5,28.84574849848606,0,0.5332431109414275,0
12,1,26.757977895673438,1,0.8171168917244811,1
10,2,28.090155675093502,0,0.9777080210357387,1
2,0,31.493645456468776,0,0.5426987988276112,0
0,2,28.992300528188622,0,0.42074327501809555,0
5,6,20.971148528065413,0,0.6731644265059054,0
17,5,24.133132824880196,0,1.2521757334321733,1
23,0,33.40014878139193,1,1.3779069757259255,1
9,3,31.089059904278542,0,0.7235219961152849,1
4,5,27.46282998492419,1,0.3851696270465101,0
22,3,22.345964962757627,0,1.512066096745839,1
9,4,23.135028531191516,1,0.5924492958190246,0
11,2,30.443287148955786,0,0.9693161658905781,1
1,0,32.469962434497106,0,0.43977643895069396,0
12,3,29.414219382020445,1,0.8877737849157745,1
7,1,31.76200958806351,1,0.6286509862607429,0
1,3,31.033154298406902,1,0.22670972154409186,0
19,1,20.54496745526828,0,1.3424581144216654,1
0,5,25.207061819526132,1,0.19630262171958038,0
4,0,20.600724614085564,0,0.577417026192019,0
8,3,21.999004941633743,0,0.8097512492014064,1
16,6,32.77741361906789,1,0.9620858965556205,1
8,3,26.039163415764097,1,0.5434692332531238,0
10,6,27.101087731325237,0,0.9311355611950134,1
14,0,21.033581408872127,0,1.1314764792110907,1
23,3,23.308620362829533,1,1.3097842120170005,1
5,1,21.91418486327379,1,0.49476777153813,0
22,3,21.505164796813247,1,1.2684211135417334,1
2,2,28.845333486371494,0,0.5126582619018991,0
16,5,22.367025409977153,0,1.241017200630623,1
4,4,28.74426326234711,0,0.5983193717648144,0
11,1,18.993728439845416,0,0.9727370456070568,1
17,2,20.41016468996073,0,1.2241785178056215,1
13,6,22.667184318002132,0,1.040176670828595,1
20,5,28.149797587226757,1,1.189707028455983,1
23,0,29.48930116648539,0,1.5126710826729883,1
10,1,25.52618843525196,0,0.8911612918442109,1
8,4,25.57844554781289,0,0.7225690850568127,1
1,5,30.31678647377651,1,0.22544231264289477,0
11,6,18.2689585600149,0,0.9357562253315165,1
2,4,23.798530416061748,0,0.487191012375231,0
2,0,31.918019971026958,1,0.2879251277064611,0
0,0,28.254729973627327,0,0.39691179000699356,0
7,6,23.732861256842146,0,0.7739720759043032,0
21,1,33.39392146960446,0,1.4937258537066262,1
7,6,31.134586366639503,0,0.7175117386575867,0
10,3,22.50322260302447,0,0.8398399572305428,1
8,0,28.969927237937185,1,0.5478977793878449,0
4,5,28.127762379212264,1,0.3756398539402537,0
13,3,24.820194538662705,1,0.8324039341091747,1
2,2,24.238253346481613,0,0.46150019669012715,0
20,4,23.840528071186966,0,1.3351941667875051,1
4,3,28.491648317725996,0,0.5771939586262906,0
4,4,25.52096892017138,1,0.4090713310056986,0
18,6,32.14167292527418,0,1.3297514732917783,1
13,3,29.38324447427735,0,1.022128847344584,1
3,6,19.18883729706038,1,0.32935010889282834,0
12,2,28.882859805078823,0,0.9536650845576344,1
9,0,22.60950642050314,1,0.6484280414812612,0
17,2,28.077803858108187,1,1.0075785682904592,1
7,0,29.562242828758674,1,0.5786563906620601,0
7,6,21.924096215618206,0,0.6607066754032944,0
6,0,25.76659696296627,0,0.682018516377377,0
7,4,21.23552266792415,0,0.7650553669595871,0
13,5,18.889760888370642,0,1.0591917258161252,1
18,2,24.434099199259776,0,1.4346516831990248,1
5,3,24.170052621381863,0,0.6674900012283954,0
0,2,34.92316834197237,0,0.3497972701578995,0
22,4,25.587989970359917,1,1.2952267876455463,1
14,0,23.67068234102741,0,1.0111876833266775,1
0,4,27.86807511418347,1,0.19597001253516197,0
16,1,19.509045699832065,0,1.1583471971499621,1
0,1,34.348317511231826,0,0.4457695137780081,0
14,3,28.794320775047563,0,1.0725229862702232,1
22,4,30.832242938994412,1,1.2941617042102378,1
1,6,20.8981249489566,1,0.21822210792977983,0
13,3,24.961123501088466,1,0.9369425675926667,1
20,6,25.185714927735223,1,1.1839378616941043,1
7,3,31.970709546318474,0,0.8416278521739601,0
7,1,18.02102355590996,1,0.5907075881059134,0
18,3,23.114502842005336,0,1.3241033363667694,1
6,1,34.68101836385317,0,0.718436657365876,0
18,0,26.073071239605717,1,1.1196898649108127,1
5,6,24.50294676414814,1,0.3536163710327195,0
5,4,20.03709303429999,1,0.4360558302924622,0
2,3,34.560798686676264,1,0.3422578985592161,0
6,1,18.340448050739017,1,0.4975551408262947,0
18,2,30.53206382512313,1,1.0297405076598214,1
7,6,31.06619668140464,1,0.5473797774711265,0
9,3,22.14216417308573,1,0.7352052758127746,0
19,5,29.416493541421634,0,1.412344585776736,1
14,0,19.57979545444963,1,0.8968997995316985,1
14,0,22.369803529345358,1,0.9475724638529045,1
0,2,31.394333800968504,0,0.3816746489815974,0
19,1,32.699665264570186,1,1.0648064206586643,1
6,3,28.344269015216454,0,0.6537767005935223,0
3,6,26.616253340948205,0,0.6281444384254099,0
5,1,20.708168350522666,1,0.4363003459085348,0
0,0,19.072853562345554,0,0.3878308010312491,0
4,1,20.000033484050498,0,0.5850080901862561,0
22,0,21.86507410163368,0,1.5952068294786503,1
0,1,23.808466532247653,0,0.4812979457681032,0
3,2,24.475461933686784,1,0.46093901167240675,0
21,4,23.88747006601306,0,1.4420477394799975,1
1,2,22.063940647353515,1,0.26478122443735475,0
9,2,26.66531219477887,0,0.7741678725289605,1
4,4,32.02986383995925,0,0.6738467213059138,0
9,4,22.754960154015148,0,0.7916110224366033,1
0,3,34.020579324737966,0,0.41083877818813147,0
21,6,32.84672324930541,1,1.1951348736183578,1
5,6,20.749991592985864,1,0.4205566586630652,0
12,3,31.366691264870607,0,0.9581368784475149,1
14,2,27.76798549940203,0,1.0696062369662092,1
3,2,27.631781156914116,1,0.3230438648425511,0
12,0,24.647726971988966,0,0.9725865602537461,1
23,0,26.519600986094165,0,1.5916666955890155,1
19,6,24.752039216296588,0,1.294756860346874,1
23,3,27.17545451891903,1,1.3610270713506933,1
14,5,28.67515089713481,1,0.9608979576152781,1
7,5,29.463164708953823,1,0.5243401817743303,0
4,3,27.052180273510245,0,0.56410405546262,0
14,0,30.26417514458844,0,1.0884737687409876,1
3,6,20.401726837683597,1,0.40898626041803554,0
11,6,21.603702345338057,1,0.7597053815476679,1
12,0,31.91849506926259,1,0.7734392852696201,1
1,5,23.48297562338906,1,0.274193832559402,0
18,1,18.389195024594045,0,1.2448853925081789,1
18,1,20.61444954435653,1,1.1340679755221474,1
3,0,21.80144538643729,0,0.5704303653850884,0
3,1,34.27448909420798,1,0.33460957644305583,0
10,4,27.74170429182444,0,0.8580707100776385,1
4,3,33.856422588096336,1,0.35566595388582717,0
19,3,27.777776958442622,1,1.1767408668172956,1
10,0,26.149025482343482,1,0.761449025124453,1
9,2,23.333370750299633,1,0.6181346126485603,0
7,5,28.308306055367385,0,0.7729193351775742,0
5,0,20.366366418498007,1,0.34564864906989656,0
5,1,33.270447663976,0,0.62076911346714,0
7,5,32.098650887401824,0,0.7484470533564549,0
22,2,23.398034613904528,0,1.4545158291509084,1
14,1,34.197557969222004,0,1.0531746812605203,1
13,6,32.02841304606466,1,0.8166110221765558,1
10,4,29.327217059195675,0,0.9146096364163186,1
11,1,20.069952489129673,0,0.9406335490796813,1
12,4,26.12997839181723,0,0.8880884383337514,1
7,5,26.603828432394764,1,0.4439649923682467,0
17,4,21.95337309221146,1,1.0196567411071413,1
0,5,19.359411704108133,1,0.22288432930267763,0
14,5,31.204301718018776,1,0.7626247578637384,1
7,5,20.074595886114714,0,0.7250134911924184,0
10,5,28.10294275955017,0,0.873687607174129,1
11,5,33.91963595602223,1,0.8194168889104224,1
11,1,32.893788274166724,0,0.9307489094143568,1
3,5,22.72179460373744,0,0.5691494492370465,0
15,1,32.474626838371506,0,1.157062857004373,1
3,5,18.00565260404832,1,0.24347167600963998,0
4,4,18.300692763425374,1,0.4384103608315869,0
23,6,28.243403785328702,0,1.5607698252728146,1
4,5,24.201569725457002,1,0.4254134319837295,0
7,2,24.5698342997055,1,0.7463118853218164,0
9,5,27.595498541541,1,0.5457943530250706,0
16,5,21.26030174506163,1,1.0862348324880555,1
8,4,21.59984096131313,1,0.5856276240299824,0
21,3,26.2382269793207,0,1.4643664452201506,1
18,4,30.82231025384567,1,1.097724387734938,1
13,2,28.53146177392899,0,1.0287881833300978,1
7,3,23.055035820026262,0,0.7215083535880621,0
8,0,25.315732017651662,1,0.6164754367786506,0
21,0,20.901300895349973,0,1.3741413151664161,1
10,2,19.26870684373039,0,0.9375289583760883,1
22,4,31.305832692650537,0,1.4791902797557372,1
0,1,22.51158595619931,1,0.14349653304798213,0
13,2,21.02202859347122,1,0.8274993571002094,1
4,6,29.75750694467843,0,0.6628574608431287,0
20,3,28.506878462882163,1,1.1732332456491887,1
13,3,28.76422364222889,1,0.8679226809104811,1
3,5,21.89120828239243,1,0.3134521862142264,0
21,0,21.954974155565576,1,1.2878960924961809,1
22,3,21.753644706355864,0,1.5342753869395103,1
0,2,20.953794126259005,0,0.4924304416648206,0
21,3,29.147302433548155,1,1.2412218027250392,1
22,2,32.41627004923983,1,1.3334327402378954,1
18,1,30.313396984503242,0,1.3049033769769474,1
7,5,31.465591773929233,0,0.8147935890931507,0
14,0,24.881573294448398,1,0.8640583806195636,1
20,3,29.119288521323966,0,1.437250265643864,1
14,2,24.022016087561166,1,0.8902651351941661,1
8,4,26.933578573466882,1,0.5967905911445752,0
20,0,26.18779239109266,0,1.4045876242224185,1
8,1,21.007081467445524,0,0.8126120198213339,1
9,2,24.580338925705725,1,0.6441885478439021,0
19,6,34.38497868319997,1,1.1607356591585265,1
20,6,22.225864381154015,0,1.478905902878109,1
8,5,20.274663516751307,1,0.649272484280761,0
2,5,25.115870567606898,0,0.5434577296248448,0
19,1,31.435741509622517,1,1.1272230236988066,1
10,1,27.896519906259527,0,0.8555379585885838,1
5,5,29.576572063050158,0,0.6977650279118877,0
1,3,21.224812418969513,0,0.49380233962648973,0
6,3,28.522119281131268,1,0.5736335337875491,0
17,2,23.49950671349505,1,1.0198009687015386,1
1,4,32.18315722123105,0,0.4385225672319827,0
16,2,28.698079702182515,1,0.9180257918737282,1
10,4,21.38055672218003,0,0.8803764446969564,1
11,1,19.098483557349464,0,0.9998285255289724,1
18,0,18.724764557879556,1,1.07667523103859,1
21,2,24.313945650052393,1,1.2820239897600412,1
23,2,22.519469323123328,0,1.5404748447001098,1
6,4,28.98353209886264,1,0.516202851411078,0
19,1,26.48867519463651,1,1.0926154305092168,1
5,1,22.522327726091472,0,0.654260472481695,0
20,6,20.537042225152994,0,1.2504432014549638,1
23,4,20.162395965686642,1,1.3406551920919008,1
0,1,32.699226666387105,0,0.318476337814243,0
16,5,22.139125462882742,0,1.260299725827341,1
10,3,29.079081014486462,1,0.7388703676382256,1
21,6,31.781660775766525,0,1.4733335490983042,1
17,5,28.439382290140514,0,1.326050311357969,1
20,0,32.612608937998075,1,1.1525541739587581,1
16,2,24.670693265984067,1,1.0873681598957778,1
6,6,34.25577724103212,0,0.7466095782130193,0
16,0,20.263465071027646,0,1.188172235639053,1
19,2,19.736542004178148,1,1.2067810073591474,1
8,3,29.19776648552654,1,0.5446853243794184,0
16,1,34.02812940402545,1,0.9587742919236163,1
19,5,31.751018847817576,1,1.1195705138380152,1
21,4,19.299086610446874,0,1.4235511145967994,1
21,5,22.74925113689018,1,1.1971721178619874,1
7,3,33.815421042243,1,0.6111541533547663,0
16,0,22.301993357613338,0,1.1870572799815087,1
6,4,31.279897204377626,1,0.517625248417844,0
0,1,32.027247330787965,0,0.371482431679316,0
12,3,26.422685758836693,1,0.7089698349725742,1
22,4,24.567931467421364,1,1.313502867919571,1
18,3,25.65211535113591,1,1.0043872512290113,1
23,3,21.85839980421119,0,1.546568297695727,1
18,1,33.11964557419035,0,1.2315842480583594,1
16,6,25.660534164405885,1,1.0993637999615404,1
12,2,33.001810487753694,0,1.0455681361087361,1
15,4,19.79678915840666,0,1.155287689563574,1
7,1,34.80067960700224,0,0.8131853338827334,0
18,3,25.535642486541512,0,1.2576842011267133,1
17,1,18.813123946699793,0,1.2771739689335047,1
0,6,18.646371420036733,0,0.4099905216859357,0
13,2,30.685523377191256,1,0.8632010040666835,1
18,5,29.203604081462572,1,1.1636176750053384,1
14,4,31.636219488168987,0,1.13662460513899,1
17,2,19.7912480771977,1,1.0644361831412512,1
1,0,18.604704739604323,1,0.1672556281885852,0
21,4,26.645847920608833,1,1.2019976852360268,1
16,2,24.589118935207082,1,0.9938645533202138,1
17,3,25.85309792340625,0,1.2546686187138325,1
5,4,34.85700295079466,1,0.3934898137663038,0
18,4,34.50274928040139,1,1.2205838337789212,1
3,1,34.01936162444428,0,0.6258197027626787,0
0,3,31.325325505050454,0,0.4301059160196242,0
7,0,24.032303124367136,1,0.5536018430641872,0
22,5,25.006225814467115,1,1.2893895515049425,1
6,6,27.343472743221717,1,0.45240407699888824,0
2,2,32.11908575888228,1,0.30387402592594315,0
9,1,19.168118152810553,1,0.6628876270071375,0
9,2,25.2130470600431,1,0.5879119712259188,0
18,0,19.404500278807568,0,1.3167088208622448,1
13,0,26.749178971749696,1,0.8422370475587626,1
1,4,33.281314008106,1,0.15460962210613044,0
0,6,31.302243717586947,0,0.3569807494610249,0
22,0,21.87332109823287,0,1.4793197233289177,1
22,2,34.59184444317947,0,1.5943843828670095,1
17,3,29.34495676678928,0,1.277827656226688,1
6,3,18.177270889755853,1,0.43322592154500544,0
7,4,22.34202923964873,1,0.5743018144708819,0
0,5,22.43212609863858,1,0.12263480055308174,0
22,2,19.17732320685962,1,1.3541345526943538,1
2,2,34.3170508072908,1,0.2764437674091061,0
23,0,26.130340007790704,1,1.3453181905630416,1
22,6,33.22884815532199,0,1.5662898323771095,1
7,2,23.47766355855868,1,0.48564182157078756,0
21,1,20.12897069735806,0,1.3801440907443505,1
14,5,26.063713868405635,0,1.0708200336826998,1
4,0,19.937262790143393,1,0.4519189425509659,0
2,1,26.26226355061818,0,0.42403269622615786,0
18,4,33.64505208072993,1,0.9583922200944717,1
0,3,26.853058411181614,0,0.3774420570795501,0
14,4,28.48049535721642,1,0.9275870399955461,1
7,3,20.66285342855474,0,0.8100130874869415,0
1,4,18.74350563995948,1,0.22684193189573004,0
2,2,19.883735357056718,1,0.27942866964419993,0
23,1,28.175036786634216,1,1.4076950367127874,1
13,3,19.61519888286918,1,0.756512915015229,1
23,0,24.391879129002294,1,1.3305739612408496,1
13,1,27.351562987788654,0,1.059521194496253,1
10,0,24.6070975767074,0,0.9224609360642517,1
15,1,20.782624624910124,0,1.1245096653404558,1
3,1,22.65445222773981,1,0.3517220505852921,0
19,4,33.78139805842581,0,1.2255836323293505,1
4,3,29.491698684968043,1,0.3670875793833076,0
21,3,26.432813257558074,1,1.2726754356277235,1
20,6,18.21615312977719,0,1.350885298287266,1
13,1,34.87106180832099,0,1.0529492110794798,1
22,2,29.414733893208936,1,1.322343625040135,1
15,2,23.387682114864063,0,1.1328725399571116,1
17,0,32.94756721996325,1,1.0585231885498285,1
6,0,22.393337544960907,1,0.4518633717357694,0
9,4,27.248281846106778,1,0.6396694360151977,0
6,1,28.813202983407024,1,0.5305108084794611,0
0,0,21.758077314713383,1,0.20784864804842174,0
22,0,34.63275373961013,0,1.4706734365218033,1
20,5,30.719262401642958,0,1.4112108202145395,1
18,1,27.48282483368819,1,1.135730489531831,1
15,4,21.070108168980116,1,0.847502936071126,1
18,0,18.915589518966446,0,1.3579537032477949,1
3,4,23.44101715285672,0,0.5331872630659464,0
17,3,30.80418471052785,1,1.0712744966620116,1
1,4,22.578632071134425,0,0.5098623461822614,0
0,2,27.172455748423587,1,0.1314163151384767,0
14,2,30.375102004422633,0,1.0645279498786229,1
4,4,19.835043148989893,1,0.3855725652062148,0
19,2,29.65006627396985,0,1.3108123239437788,1
10,3,19.56180509107076,1,0.7867468287918404,1
9,1,34.40720561615894,0,0.8071613953086605,1
1,2,26.302700211103975,0,0.4222226610256567,0
2,2,20.561493831067914,1,0.3102194515801489,0
22,4,23.82052181257029,0,1.4398925236961955,1
22,3,25.028079638019445,1,1.2802159644121869,1
11,6,30.889145188301136,0,0.9658726630625089,1
19,6,30.638204363302357,1,1.1333569797808745,1
4,6,28.40298859073463,0,0.5953306570550027,0
4,6,19.80082211349438,1,0.3735333943775815,0
5,1,20.57667931699045,0,0.5742764845409617,0
8,4,19.593867650974463,1,0.6160796605669621,0
1,4,27.81193731588835,0,0.5377466535823621,0
20,5,32.91135350569387,1,1.2009200815391718,1
11,3,25.37460870833112,1,0.7612632058623775,1
2,6,20.734418957281687,1,0.334636137755843,0
19,1,27.48671952753244,0,1.2865334751726651,1
21,3,31.799787686717067,1,1.3351257329064803,1
11,6,30.609105045719808,0,0.9601164398211401,1
23,1,32.984663254475365,1,1.4315928449544555,1
16,3,22.724335653230753,0,1.1633483502238007,1
9,4,21.297215743552172,1,0.7409030961278913,0
23,4,32.956880261012955,0,1.5887577747017394,1
13,0,29.17852531722639,0,1.0776520042926179,1
22,2,23.285791810128423,1,1.3117012227176574,1
16,6,30.619916859732655,0,1.1875735690962776,1
17,5,31.857012536166252,0,1.3100265829236937,1
18,3,28.454630085799252,1,1.1070179934924025,1
16,5,29.694029867958555,0,1.1016465148206425,1
13,0,24.379418375525326,0,0.9941406769146499,1
8,2,27.157826344831662,0,0.7907077123903626,1
7,3,26.91070590234476,1,0.5654999491582778,0
1,1,32.41681244922312,0,0.4471705755550052,0
12,6,32.2793876647971,1,0.8609485394896832,1
6,2,32.15556797889973,0,0.6024449067980688,0
8,4,18.187537442461917,0,0.8071793968252581,1
21,0,30.742273235971098,0,1.3591010387306424,1
21,2,30.897498631887082,1,1.2879856147742084,1
10,6,29.532439988537412,0,0.8952770642778999,1
13,2,30.856499184154693,0,1.070980498601206,1
3,6,32.31349631544405,1,0.30680585197051174,0
12,4,25.995423919730356,0,1.0639732465828875,1
1,3,26.5348536293036,1,0.3020862332029426,0
22,1,20.120138967493638,1,1.3291772151505945,1
4,4,24.55139001180515,0,0.5935241376568281,0
10,1,28.93720805850033,1,0.7289928642647565,1
5,3,31.266796194503666,0,0.6146553716006325,0
17,2,21.69255466075058,1,1.0927777829510357,1
20,1,20.342989285707002,1,1.282474044716196,1
9,0,29.271714076508367,0,0.9035305279989594,1
3,0,18.03195801992348,1,0.31351987650962954,0
8,6,21.032333933224606,1,0.6180708658636552,0
5,4,18.494213465847213,1,0.3853429228120676,0
1,3,20.837047003532806,1,0.2786195155587838,0
16,6,21.082427758733587,1,1.022530170643127,1
4,4,24.590451110756703,0,0.5065091830233919,0
5,4,24.83956111967145,1,0.3919108078043818,0
11,6,32.86246200037404,0,0.9358430551628117,1
22,5,26.671865112480027,1,1.2849570126429588,1
20,4,30.29788101540887,0,1.3395261532290597,1
9,5,19.770335084644888,0,0.8694489364676092,1
21,0,21.832458842882794,1,1.2625736804470256,1
20,0,29.950038496637504,1,1.190286543401074,1
5,4,18.897667327964978,1,0.4122104249920819,0
7,0,26.272160258143803,0,0.8024353563208282,0
1,3,28.189272416269876,1,0.33277035565441476,0
11,5,28.236475948892178,0,0.9258219258076732,1
12,5,18.389857791556715,0,0.9693916541422589,1
20,4,23.475836071896154,0,1.4245603832705998,1
6,0,28.82034106783562,1,0.4820985310126507,0
9,1,20.532995514537138,1,0.6430301399668383,0
12,6,29.822066021576905,0,1.0369826575862335,1
16,6,30.680728549832466,0,1.1045321956246354,1
20,5,34.69347623758447,1,1.2659151162426334,1
13,4,21.56731391255896,0,1.0536340262164672,1
1,4,32.027221350323956,1,0.22942534277189097,0
21,3,26.845041807617118,0,1.4455382922889277,1
10,2,24.34886413445095,1,0.6981214677510259,1
0,2,20.080404874528025,0,0.31343993482775373,0
18,5,30.50359531028814,1,1.1747469113726619,1
20,6,22.009579185442682,0,1.4020662816135308,1
3,3,24.314174031841777,1,0.3721501065223688,0
18,3,19.063217857255264,1,1.1475774885287022,1
20,3,31.623237568931824,0,1.348941877121985,1
10,5,31.032004907517937,0,0.9236735949517615,1
7,2,30.471469110719312,1,0.5366179454550604,0
10,6,23.090539678362074,0,0.9423385387608247,1
3,3,20.949161262521272,1,0.24363862898242528,0
16,6,28.838405495993904,0,1.1950452849879367,1
6,0,26.43482852992473,1,0.4698589672108019,0
7,4,21.030291937378905,1,0.5716131475317078,0
2,4,29.660491607847682,1,0.3235022093684102,0
21,6,34.849149340962164,1,1.2146187052588986,1
1,1,30.70273299161464,1,0.21439130679119783,0
22,1,30.5797685736554,1,1.2944667315721337,1
14,5,34.155316799820056,0,1.0551678886342397,1
23,5,21.449918248773336,0,1.5920991847726067,1
21,4,27.614349403664487,0,1.431539639977628,1
21,0,34.653994155576015,1,1.104650589033918,1
4,2,20.809999886492967,1,0.3812588971689097,0
23,2,29.904283310556856,1,1.2980728089578015,1
0,5,27.95877248152233,1,0.11843620922695274,0
3,0,27.970144567208017,0,0.4881286680888714,0
14,5,29.860400667841276,0,1.1054704235916486,1
19,2,33.803487688886634,1,1.2164320414124117,1
18,6,31.303892977472746,0,1.315659223693249,1
2,5,18.95431375807557,0,0.469674830589213,0
19,3,32.49637633788709,1,1.1727952097585352,1
10,6,21.834202608737456,0,0.8770454844890504,1
16,5,24.407540800518323,1,0.9652699815418427,1
12,4,25.849457831410497,0,0.9422818665883508,1
10,5,26.175402012802184,1,0.612408559662414,1
1,4,25.398066787341065,1,0.23050381467202774,0
8,0,33.93500600166969,1,0.6079026744960067,0
1,2,30.002323130288417,1,0.2451688164992555,0
20,6,28.72990098126401,0,1.379201653602632,1
8,6,18.847314472310007,1,0.552712696965161,0
8,1,33.36652661442637,1,0.6304123095842485,0
7,1,33.45963326414274,1,0.4841434040026708,0
16,2,31.26362207831174,0,1.238801395692174,1
0,1,18.119496464831524,1,0.14988914905366377,0
10,6,18.9737642683196,0,0.8623782381323483,1
7,5,21.828802938564326,1,0.4766607404692162,0
9,0,20.232939938463414,0,0.8249298926557183,1
6,0,24.7802125049634,0,0.748765622923899,0
2,2,33.684591987492425,1,0.3257814044221979,0
2,1,26.02502738134897,0,0.5489211056014017,0
17,5,18.227844649346814,1,1.0761071272966969,1
4,0,22.806676722838954,1,0.34481650857348156,0
11,0,18.758113442340346,1,0.7334605387836222,1
11,3,18.616889584429536,0,0.9109900435441269,1
18,3,22.687237502624388,0,1.366528745201952,1
5,6,22.68540975754207,1,0.39016056767868446,0
1,0,31.38115224422727,1,0.29468488446945557,0
11,2,34.5721890972789,0,0.9946476935054386,1
18,4,24.31052059612997,1,1.1914810100858044,1
4,4,25.291076940637655,1,0.3795156703685252,0
11,5,32.361420416862366,1,0.785616107979008,1
16,0,22.55836334162373,0,1.3140825918269423,1
16,0,20.658490674858616,0,1.1691179161533154,1
9,6,32.50252359786206,0,0.7732479876233821,1
22,0,18.790509969481114,1,1.2059994983046118,1
16,2,28.534890483390065,1,1.0356356014430665,1
14,3,27.553878406935716,1,0.8058424895970709,1
11,0,23.8806476075288,0,0.9313840473531039,1
15,0,23.358221858655103,1,0.971865659351948,1
23,6,31.121581345087563,1,1.3592587768414959,1
18,1,19.46921838296329,1,1.1212722432092086,1
7,6,22.02533325829355,1,0.5611144927900428,0
20,6,30.45162844124753,0,1.4639432906656695,1
16,2,27.321449923349213,0,1.1523841809630604,1
22,5,20.17579954507097,1,1.2661502430770735,1
4,0,32.99630544279502,0,0.5613670277364589,0
21,6,24.688613391581057,0,1.4915095905931306,1
15,6,32.073762380476936,1,0.9950199294197531,1
5,1,31.391121263971048,1,0.4725612659659254,0
7,6,28.615232590019374,0,0.8091746833444964,0
17,4,26.40617923201658,1,0.991097956631181,1
11,5,34.65236428648987,0,1.033361205577557,1
14,0,20.464406230456888,1,0.9761619310856131,1
8,0,30.32764736836895,0,0.8367810998622873,1
12,1,21.250241924901413,1,0.889089945438553,1
14,2,23.750472790649923,0,1.0171688396161114,1
9,0,23.24787863734432,0,0.8237775931868675,1
15,4,34.09961179155829,0,1.1132348269659023,1
6,0,34.44505502240068,1,0.5360739661878672,0
16,4,21.11126255199036,0,1.147492963019893,1
22,5,18.374597725057573,0,1.5378747574668743,1
20,5,30.240136674272925,1,1.2685268071998357,1
21,3,25.105828875798235,1,1.2847601450041999,1
6,3,19.510284166488596,0,0.7141875511830751,0
13,4,29.623819794809723,0,1.0006063329549626,1
14,2,27.266793980431896,1,0.8576574516937319,1
20,0,34.6687859740188,1,1.2624809452648333,1
6,6,21.86596142964344,1,0.5389674501952666,0
8,0,24.86762389755132,1,0.5980490240311229,0
18,3,27.22327865772219,1,1.0791045227117055,1
15,6,31.458899803706977,0,1.048709606344431,1
7,4,27.330257164240997,1,0.4964573790657781,0
17,6,28.419302734653137,0,1.3455709543569863,1
22,0,21.844499877028994,0,1.4359772214498767,1
17,0,32.397618377505516,0,1.259473991061054,1
19,2,25.286719298498088,1,1.20037219865976,1
6,1,20.39631366787008,0,0.6372538665998855,0
2,6,29.291194546592095,0,0.5092355237390541,0
17,3,21.673537704150228,1,1.0968957768755327,1
9,3,19.658562674068094,0,0.8506249660953626,1
6,1,32.65377744287263,0,0.8434201527833385,0
16,0,25.822758496303475,1,0.9165700370560902,1
13,2,30.7378231158282,0,1.1029364264941939,1
23,2,22.939988516708038,0,1.541359913130177,1
2,3,31.378492293600328,0,0.5385960077418338,0
11,2,19.902910759366016,1,0.7720653575849623,1
12,5,24.051547354512497,1,0.7633421901445002,1
1,1,34.627050905549986,1,0.26144981962296704,0
2,0,31.497825178256104,0,0.40710492743008564,0
4,5,26.4533508153497,0,0.6301623750285698,0
10,1,23.776217016552046,1,0.7149079232995262,1
7,4,32.8263069003821,0,0.7819330084321551,0
22,6,27.262411904436767,0,1.5529059162543575,1
22,3,30.89322530377489,1,1.3183809920104856,1
11,2,30.819830565374787,1,0.7574044709899138,1
6,4,18.305076535664362,0,0.6559465831669354,0
14,2,20.14631430747443,0,1.0643889618175475,1
23,5,29.213699228710617,0,1.6093367310088669,1
16,0,20.747536791859815,1,1.071816770285299,1
3,0,22.34338685914528,1,0.3380944781843973,0
21,0,34.09284522139332,1,1.2523001373626637,1
12,2,27.5230983923735,1,0.7547692812503117,1
17,4,30.762401618988903,0,1.3086378422633722,1
0,0,27.485672559304877,1,0.23327084118458896,0
15,4,27.39273145130633,1,1.0470608718231875,1
12,2,19.600582472136864,1,0.7560838461410131,1
9,5,23.84227427435475,1,0.6310996050490891,0
11,4,22.8013252776707,1,0.7615722961262786,1
1,5,24.642382215431425,0,0.48232447688628854,0
22,2,31.57185119981358,0,1.4892166181226183,1
2,2,24.322855354586704,1,0.256351945477315,0
9,3,25.678845926938607,0,0.8940703764461786,1
1,2,24.755483638250382,1,0.2860567681272791,0
22,2,19.587935523580025,1,1.2541862949718139,1
12,1,25.498226690263323,0,1.0677721400552749,1
12,0,21.325357641756757,0,1.0585099354598302,1
17,3,21.174296028141704,1,1.0567148248623897,1
2,6,19.59861377538253,1,0.30397989311880186,0
6,3,24.06340656041,1,0.5277028885557954,0
13,3,30.877192041420095,0,1.006914846487187,1
19,6,22.699508739917732,1,1.1515015739582042,1
16,1,23.30993473205373,1,0.892380822769541,1
20,5,28.9254691804312,1,1.2438227822751466,1
11,2,21.32929381397762,0,0.8719253388779071,1
15,0,33.24828481720009,1,1.02517099142145,1
23,4,26.843238895276425,1,1.3334939953016776,1
11,6,25.60924998544369,0,0.9394166509034412,1
14,5,27.482943262796425,1,0.8686133046957748,1
9,6,20.82258332807532,1,0.6355980563038962,0
6,2,28.429043356865996,0,0.7709265672574019,0
19,1,24.172712522778177,1,1.0256095671732461,1
4,6,33.252167796398524,0,0.6638482693044094,0
0,2,20.870521513520664,0,0.4169011740550854,0
16,2,26.619868765712496,1,0.9396489176071392,1
2,1,28.167914699273304,1,0.24623438034753814,0
12,3,18.56752123036848,1,0.8838196513604102,1
13,3,24.182783120854385,1,0.8027246560028636,1
23,0,30.45479898991416,0,1.4923324744702022,1
17,0,31.946417626632545,1,1.1068657271182365,1
3,3,23.3237539118938,0,0.5669276438142957,0
17,5,31.57608563050677,1,1.0031037211731801,1
4,4,34.45184991075761,1,0.410831248770231,0
15,2,32.566856913276595,1,0.8987123658179861,1
0,4,19.99994779870853,0,0.4550410699211303,0
20,2,30.575415645454193,1,1.2530685482436565,1
13,3,23.434336151489262,1,0.8766003099410973,1
14,0,34.8030718200053,1,0.9180830530623509,1
8,5,26.251102713718083,1,0.6880594062433688,0
14,0,20.081376272102,0,1.0999843163694114,1
16,4,30.328154316465643,1,0.94090629372896,1
23,0,23.491190372565633,0,1.5724736956416157,1
3,3,34.950328670388245,0,0.6543023524768558,0
11,5,34.65630178352687,0,0.8992620253407074,1
4,4,29.154278306349873,0,0.5819268616653008,0
4,5,20.2070496321792,0,0.6208223019050727,0
10,2,29.676636960475495,0,0.8973047575497131,1
5,0,19.581518269820464,1,0.40088482098113426,0
6,5,18.49919070474067,0,0.7560928928115236,0
23,1,31.990293585765265,0,1.6660020361008632,1
13,0,21.565800110622583,0,1.0598065729511954,1
23,2,24.443461145724655,1,1.3047965855132,1
10,5,34.54877562959494,1,0.6225519737473262,1
12,4,23.726288531638755,0,1.012898799061059,1
1,2,23.04032628181636,1,0.30519386716581287,0
6,1,33.60953599358718,0,0.7237583873247692,0
19,5,19.88272357042229,0,1.3498798079540575,1
3,6,30.91290097194874,1,0.32053641741053474,0
7,6,34.79711463309716,0,0.6953918183640955,0
19,3,33.32203218316903,1,1.1917375663162442,1
21,0,29.078354618009243,1,1.2956885810692793,1
20,4,23.339033514876444,0,1.3227135106654633,1
18,3,22.323473680031384,0,1.3794919489090343,1
12,5,31.92733678281484,1,0.8287035610447001,1
13,6,32.95697253717882,0,1.1199797322572898,1
9,6,26.93239351327678,0,0.7828936125757443,1
10,6,22.153778993369926,0,0.8317087922292281,1
1,5,19.92003454298995,1,0.24255153451163516,0
8,6,19.48205095314113,1,0.6251392213447597,0
16,2,30.224316605015545,0,1.2898180411463485,1
2,5,25.142018373411325,1,0.3353039456907566,0
23,4,33.391117862723796,1,1.3378659361593985,1
5,3,30.574412112354985,1,0.3986815396167054,0
4,4,21.251427104547975,1,0.4615000286359575,0
4,1,28.434216119866882,1,0.3517647287124643,0
21,6,25.403592724768707,0,1.5314234277386163,1
14,1,27.813245423066423,0,1.0857807675196747,1
22,0,30.547175096754792,0,1.5795291036308925,1
16,0,31.705329977064444,1,1.033946564502964,1
8,1,32.34353454891431,1,0.5931502255278772,0
2,5,22.317572867724422,0,0.4740301814086937,0
19,4,18.52896519859508,1,1.132954606132696,1
16,1,30.568010497801144,0,1.221415834618762,1
9,0,19.807843346348168,0,0.8538578248108859,1
2,1,23.353633006420452,0,0.47030942959656474,0
17,5,18.0648912801139,1,1.0417184294841184,1
17,1,29.58838120082754,1,1.0539288514859575,1
16,4,20.841244195010763,0,1.0935632952792596,1
23,3,29.139800964758187,0,1.5729084057394351,1
2,5,34.85962449185326,0,0.4510139387641596,0
2,0,19.235404817370277,0,0.44233337983971277,0
5,4,19.31032620317483,1,0.36563278264446447,0
12,1,23.786461575333472,1,0.7103053751066055,1
23,1,32.728570742272815,0,1.4822276248443857,1
14,3,21.664007769452642,0,1.0645489521184757,1
8,0,24.126422938815907,1,0.6976629568763285,0
3,0,19.164591912658654,1,0.32370601620523987,0
13,2,30.97363995140112,0,1.0588875053134017,1
4,0,24.94120782691067,0,0.6200240693253165,0
1,3,30.90722846203433,0,0.45655325931079244,0
10,6,33.36133335389552,1,0.6961278269637002,1
8,2,21.956973500721908,1,0.5402353118200378,0
23,2,31.72573251577917,1,1.4225463774139606,1
2,1,19.004596131330306,0,0.5903598321818943,0
8,1,33.2804055990642,0,0.7158670652938658,1
2,0,29.063065308498707,1,0.24879857045568107,0
1,2,32.86185431035197,1,0.2360094828811497,0
11,1,18.00320279246189,0,0.9017731102544905,1
9,3,20.87437819605187,1,0.6752982776727933,0
8,1,24.625909586250366,1,0.5635863898796695,0
14,5,24.451549357370215,0,1.2082528033903301,1
7,5,21.854416509699682,1,0.6095274297171799,0
4,1,24.487402977742402,0,0.6106287015316109,0
10,2,20.190428104004333,0,0.9513493131659866,1
1,6,25.016939197522444,0,0.5052950212178655,0
23,6,31.64002359570749,0,1.521802625597088,1
14,2,26.14419107275697,0,1.059189137772902,1
5,4,18.306001512068654,0,0.6539071531484824,0
7,6,25.164548706847206,0,0.7930818062248972,0
4,5,18.46197527354435,1,0.4069530199326709,0
15,3,34.42613798201557,0,1.07115017589045,1
17,2,20.166717310188773,0,1.2098587778024579,1
5,0,30.030701547620517,1,0.4463013568202811,0
4,5,34.53719748916546,1,0.3962167197837085,0
15,3,32.04266387833172,1,1.0486271088394903,1
12,3,29.888361377145465,0,0.9307006028800501,1
4,2,32.27083546151304,1,0.42527946209179374,0
12,3,34.69057778543067,0,1.0744556554164144,1
16,2,28.562856453310005,0,1.31357248727114,1
17,6,27.50614171609855,0,1.229780128840802,1
7,1,28.680047877875783,0,0.77457147263601,0
12,5,27.055490074946434,1,0.8284880178599324,1
18,4,28.796514800465218,1,1.1097740865776646,1
2,1,25.647317535533507,0,0.4950577399380347,0
23,5,21.713534109016223,0,1.5717987694750026,1
7,2,20.044202850698486,0,0.6233876957390158,0
1,5,19.161795904048425,1,0.28410347450313156,0
7,6,22.4763683238044,0,0.7563088951830984,0
12,2,18.784100593707475,0,0.9888762551610867,1
12,1,27.641903258629554,1,0.902343109785978,1
0,0,22.825083599399846,1,0.1662532990604724,0
5,0,32.01709173747955,0,0.6298462005467484,0
23,5,19.26209484080257,1,1.4495776651102368,1
18,0,21.84797540380526,1,1.0583969347575073,1
15,2,30.41418450053248,0,1.1224942358531729,1
7,3,28.179741038519353,1,0.5426487288284575,0
0,2,19.096351611235846,0,0.4420367241064775,0
15,3,32.913070771757404,1,0.9603901253676657,1
8,1,32.91344996804505,0,0.7353687326423869,1
12,4,23.616936065888154,0,0.9733915718436406,1
10,3,23.7868993369426,0,0.8696322783393895,1
12,0,34.813482091952956,1,0.7961389477388477,1
20,2,28.644994917083352,0,1.4212921829314913,1
9,1,27.032380849657002,1,0.6709102877943987,0
3,0,32.248587120382716,0,0.46119941229757994,0
5,1,22.84993575207438,0,0.7031970493780428,0
6,4,25.296104087738065,1,0.5126284422998312,0
4,6,22.552203483301682,0,0.6692266023796954,0
10,2,31.415734392008435,0,0.9222099163645336,1
12,5,27.746938875798705,1,0.8550661478867881,1
18,2,29.2000261923812,0,1.3233272655725064,1
22,4,22.28922324726991,0,1.5673112878101374,1
9,2,21.743830123414355,0,0.876112531800889,1
9,5,26.30236869270996,0,0.8451042376778549,1
10,3,30.538617734578054,1,0.8136217360223441,1
20,1,26.92907587784272,1,1.2444518561139946,1
6,5,18.554976518276366,0,0.7286872210502208,0
17,0,32.76537560744491,1,0.9861847791730832,1
3,4,19.099677189757237,0,0.48558461912682316,0
1,3,34.24901622325279,1,0.26463577410709266,0
13,0,18.427413290713638,0,1.0572760598884121,1
12,0,29.805657754222047,0,0.9692938717495841,1
11,4,19.39752008310029,0,0.9570491349806031,1
6,3,33.48150185039737,0,0.7794313464021798,0
1,6,25.895365015834226,0,0.48477012372751493,0
12,0,20.33790417188926,0,0.942949574512363,1
13,0,23.793866896427392,1,0.8444245586428529,1
16,3,20.802019480894955,0,1.159751675957372,1
8,2,20.89989249647053,1,0.580615004179572,0
16,0,34.11784144291452,0,1.179319216718518,1
7,1,25.5691839088414,1,0.5261177208697998,0
1,3,31.409638486391113,1,0.18724323140133026,0
23,0,28.87329454002059,1,1.3436172659240906,1
12,4,29.499248159752668,0,0.9719696181576345,1
2,5,20.238788454024654,0,0.3535275654998866,0
15,1,21.981135595863257,1,1.052648601225083,1
5,5,31.374755697625428,0,0.7044384827108336,0
18,5,34.50302551007131,1,1.0811849637537503,1
6,0,22.46548592417708,0,0.70094095248703,0
9,1,22.61666900076768,1,0.591417282634122,0
8,1,26.03925125778538,1,0.6847861438905434,0
1,2,34.72528531854245,0,0.5448644347386555,0
14,5,22.572302079050008,1,0.9078346864123263,1
4,1,24.918522463782487,0,0.6511765322092673,0
21,2,33.15516026559962,1,1.2587643389466963,1
3,3,18.049657554563154,1,0.2831637280562035,0
19,2,18.67602140480568,0,1.3294088315518173,1
3,4,28.269218510210727,0,0.5565963983385979,0
17,6,33.425462800118396,0,1.2272726140628278,1
3,0,22.06056322683277,1,0.33906733612824824,0
16,3,25.983910169572052,0,1.1954300221245444,1
11,6,25.657910128182913,1,0.7459560751067269,1
21,6,26.040512883623673,1,1.252612924524874,1
16,3,28.58283482740567,0,1.14696974668017,1
9,4,25.985643970841622,0,0.8141491925436033,1
21,2,25.606958402481784,1,1.1857707867150016,1
0,0,26.06290314733143,1,0.24889077748431004,0
21,2,28.044746501607705,0,1.3447176529079838,1
23,1,27.129127301973092,0,1.6076795171658465,1
17,2,32.52031196005857,0,1.3193174698631422,1
17,3,18.841446509392334,0,1.2348909706508688,1
13,0,32.16639021504121,0,0.9198431456086351,1
14,2,32.346718414399305,1,0.8819344719016357,1
11,0,22.843436366026335,1,0.7467907919355591,1
3,0,25.868483235269462,1,0.2994700890035544,0
2,1,25.455154305136404,1,0.2742390803095879,0
19,1,21.714667184020215,0,1.4265097599431678,1
11,3,24.74554640046738,0,0.9832463581150871,1
6,4,18.754592126904527,0,0.6537717942810951,0
10,6,22.722975237289486,1,0.6201200415202284,1
0,0,31.88359698266221,1,0.18364913411951145,0
5,4,22.837559129969257,0,0.6393271610324781,0
14,6,31.90951336872021,0,1.124809959368166,1
14,6,27.037190898275327,1,0.8732341643716172,1
18,3,32.95766551513972,1,1.125574978768093,1
10,6,27.77125242249506,0,0.9967577020030115,1
22,6,18.504359792100576,0,1.5407750511222131,1
1,0,29.48214352830052,1,0.24759557463346138,0
13,0,18.762510656400668,0,1.0408424764473354,1
1,5,25.660149322713277,0,0.43216634329100645,0
3,4,33.80025380604294,0,0.6090320456226073,0
16,2,20.808466968743453,1,0.9686343277024348,1
2,1,24.62783000000625,1,0.30226113544999916,0
12,2,30.407625250424132,1,0.8025598950940543,1
8,4,32.99839545361241,1,0.5749107903594235,0
6,1,29.406031080622633,1,0.43137672260579496,0
14,2,22.388945321249878,1,0.9161487251808835,1
22,5,29.468333499575674,1,1.296949801407231,1
10,1,23.04436989876953,0,0.9250120234718285,1
19,0,30.2132969069185,0,1.3233199846780417,1
1,2,34.21856316894569,0,0.5110410649406524,0
14,1,30.2636886688069,0,1.056161310939408,1
13,5,32.66896854951101,0,1.1356020142008947,1
19,6,18.035765333990017,0,1.262618174508587,1
21,1,30.198726120437104,0,1.4717385032278447,1
10,1,32.102988466709256,1,0.7237715341263311,1
2,5,18.689498538259585,1,0.26022214660295595,0
16,6,32.81716136389992,0,1.2212196968930509,1
11,2,22.36380188127078,0,1.013975933488008,1
23,3,29.30996573362694,1,1.2391590580322969,1
20,2,31.606032943397913,0,1.4251372403745406,1
14,6,29.265296722009044,0,0.9753364589834962,1
15,4,19.568841465245374,1,0.9017167598238396,1
4,5,28.13746582062626,0,0.6814583182450473,0
19,2,27.34292216427644,1,1.1209108983303975,1
5,1,33.30546155726262,0,0.5913060017795514,0
18,5,24.872075403951555,1,1.090103113550766,1
4,0,23.45837865047985,1,0.5033953169081776,0
2,6,30.747462995419927,1,0.20841588763969873,0
0,2,25.015480543417745,0,0.3474345044180328,0
5,5,28.98363497508607,1,0.5248715841589813,0
14,2,28.989651532118316,0,1.1928851171768868,1
1,5,33.096664094122005,0,0.44482843878548584,0
2,1,28.177770839424653,0,0.43804736487366785,0
16,0,26.53661136935378,0,1.304792175090458,1
23,0,20.36081254874079,1,1.4297221195874599,1
11,4,19.96753931353799,1,0.7839473493881116,1
17,5,20.62346660981235,0,1.209379882553129,1
14,2,20.921424182560607,0,1.0975485329580983,1
11,0,28.843910575281775,1,0.7419819959477585,1
15,6,30.596681254667836,0,1.1665425652307788,1
7,0,27.00985588974912,1,0.6225500719065669,0
13,3,32.09330145327335,0,1.0939708520568703,1
16,3,34.85147485447176,0,1.1461311961507623,1
20,0,31.940214695029052,1,1.2688248225009768,1
7,5,29.813000352491308,0,0.7656566070006577,0
14,4,27.05237589043149,1,0.934353289792946,1
13,0,25.630502218470042,0,1.1233270429639302,1
17,1,19.43467046925722,0,1.1944209875243224,1
19,2,24.789268722709746,0,1.348208721064677,1
6,4,33.47228882529628,1,0.47342727243203925,0
2,1,31.7363847084114,0,0.4216070287317272,0
11,4,21.672873205198684,0,0.9673354988802461,1
20,1,25.93233233985267,0,1.5255778275792211,1
23,2,31.884294443495257,0,1.4579961127747125,1
2,2,19.145537431353883,1,0.29838596944752654,0
19,3,24.58567395636721,1,1.1820271467537389,1
13,5,32.48130102685711,0,1.056153910082809,1
14,1,24.866263690892104,1,0.8943435973742131,1
13,3,19.319448960434496,0,0.9850391818277089,1
6,1,27.223084265048275,0,0.7116393371470082,0
16,3,32.64962241361102,0,1.1621618011492039,1
11,2,28.034854230203713,1,0.6405039147510723,1
19,4,21.84674483964194,1,1.2097296110256868,1
3,6,24.532073542335482,1,0.39791929099210216,0
8,3,25.65209714009285,1,0.6025830488425541,0
5,1,27.847528014948956,1,0.46145373441028514,0
15,1,30.908967437794423,1,1.003715900635778,1
21,6,19.680851499890803,1,1.2612169828389042,1
21,5,33.12408456129863,1,1.2952008777380657,1
20,2,18.209264951273283,1,1.1851258899563075,1
20,1,24.29088968946234,0,1.4655991869286973,1
1,0,18.46614526953518,1,0.2660392862966342,0
23,4,24.68056183086995,1,1.3597025971802938,1
7,3,26.938814180846506,1,0.48649694556439843,0
10,5,26.6985835718857,1,0.7143477927150854,1
12,6,20.81568189948051,1,0.7584022541252775,1
16,4,28.97758867162541,1,0.9680858636735753,1
7,2,18.76123365857936,1,0.509231218584194,0
20,5,30.95241594225106,1,1.1466882534050387,1
17,3,34.09295537789029,1,1.1562385701508482,1
17,3,23.776070061569005,1,1.1165669530994202,1
13,6,26.79306948914364,1,0.9460183751072131,1
14,0,24.441474726999843,0,1.0388552490222218,1
5,6,18.11407663516902,0,0.6535626874955447,0
10,2,24.55986654921697,1,0.6353246187397952,1
12,5,31.45924440744289,1,0.7652152561401468,1
0,5,28.13181031711919,0,0.35409365082917127,0
5,1,19.721418548457702,1,0.5119792003220781,0
8,0,32.40137132479435,0,0.780188516094912,1
7,0,27.02845086304913,0,0.8034189666847008,0
10,5,32.30929714965949,0,0.9302060444794259,1
21,5,27.8637658193455,0,1.5651819376052396,1
18,4,27.51470356224498,0,1.2260277888430138,1
23,4,19.78940614834921,1,1.41296166198934,1
8,4,20.845115463356674,0,0.8573220435200364,1
16,0,34.52442936044205,1,0.9513310580986483,1
11,1,21.884274694831102,1,0.800356666823658,1
13,3,34.61668600583626,0,1.0668072481513116,1
14,4,27.04251601091248,0,1.0886261870023297,1
15,1,20.30841380008693,1,0.9088032256513999,1
21,6,19.68813744681278,0,1.4140445274275408,1
21,2,21.550689201997578,0,1.5524906047892966,1
19,4,33.73583461043071,1,1.1500341409478743,1
0,6,25.040553813579855,1,0.23910650007657297,0
9,3,24.722382555879545,0,0.8104550309166224,1
7,2,23.32450643819296,1,0.5110073526889181,0
17,2,20.500051459632004,0,1.3040992404624971,1
0,3,26.29347035227091,0,0.3325211894224234,0
1,4,20.21081230268936,0,0.42923931160473644,0
0,0,32.20316401849957,1,0.20170137055361162,0
0,3,24.29674876668021,1,0.20556863009200263,0
8,3,24.371660652290537,1,0.5910453357491923,0
12,3,26.05810928421365,1,0.8197909890547962,1
0,2,25.550171123817776,1,0.2346427877908906,0
12,1,34.912585542008465,0,1.0367318772729666,1
19,6,27.271479060711144,0,1.3007098095666088,1
21,0,19.4994289644278,0,1.4357922451035603,1
6,4,28.31691480680781,0,0.7597381430938469,0
1,4,20.57693297878796,1,0.29473235937869363,0
5,6,18.525939960432815,0,0.5813570274259469,0
6,1,34.50261661251322,1,0.51757399501761,0
13,3,31.150161156087584,0,0.9510887375312596,1
17,0,34.66185287103404,1,1.0523467451030186,1
14,4,26.12393361637812,1,0.994888350837299,1
1,6,27.048378029532593,0,0.4026053641365507,0
9,5,20.861728250625212,0,0.808283847725421,1
22,6,22.197426253348954,0,1.538201489078643,1
11,4,32.25533665334808,0,0.8728599242395177,1
16,3,24.0551560009991,1,0.968362248505748,1
7,5,32.055854554539124,0,0.7798220568790877,0
10,1,30.05323331287954,0,0.8682857076155299,1
2,0,21.011905729621713,1,0.2882015006394515,0
5,1,26.626588224035615,0,0.6872092855157518,0
8,1,29.515584465818186,0,0.8210773041768281,1
5,6,21.995632651665026,0,0.6633409198147702,0
8,0,32.121704678841304,0,0.7830438860364981,1
6,0,27.262070178268175,0,0.7185030557634479,0
8,4,20.809114857524253,1,0.5938133659950122,0
17,4,27.91073524479824,0,1.2728902804962892,1
11,0,34.99513467065054,0,0.9251533987441012,1
7,5,20.55886535827803,0,0.7408715512810229,0
7,2,31.884867812031978,0,0.7005021103723993,0
17,4,21.524253054188485,0,1.2482496194996882,1
19,2,31.300601600821484,1,1.1094499568185578,1
14,6,30.487824693064027,0,1.0442976774919004,1
6,5,23.108319555207352,1,0.5129330573927694,0
10,0,23.538992998595646,1,0.710636988792883,1
19,5,31.472863663369626,0,1.3891436867474287,1
15,4,25.844573702084315,0,1.128443721521245,1
3,1,30.423906488100748,0,0.5704026423418378,0
5,6,20.515730505219192,0,0.6775398786136831,0
21,0,32.49348229232641,1,1.2722386903915797,1
2,3,30.085040183599425,0,0.4587173158598929,0
8,6,33.41802775019218,0,0.8074681741135595,1
9,2,20.25033044359453,0,0.8682070148027332,1
13,5,28.08124650613016,0,1.0503589233453972,1
10,0,28.185049945685527,0,0.7956761170814458,1
17,6,24.008832589295302,0,1.258024481198674,1
21,5,25.79392921767738,1,1.3606265519698622,1
11,0,18.64568657592751,1,0.7319980365621509,1
22,4,30.679620656659203,0,1.463596145107234,1
11,6,27.33848214985396,0,0.9686674279855699,1
12,4,18.981597881775954,0,1.0156189105233286,1
12,6,29.572850180328253,1,0.8596367582708208,1
18,4,25.935295312930194,0,1.2371065922045557,1
18,5,18.585841410225,1,1.1365690126287498,1
22,3,34.48333135641762,0,1.5295211030625733,1
13,6,34.13490643252049,0,1.0428926731529728,1
3,6,26.71934107450236,0,0.5669343658960846,0
12,4,19.592431152000472,0,1.051472874079918,1
7,0,30.82856076717606,1,0.5936157690014225,0
22,6,26.362828701797394,1,1.2428490343963137,1
20,4,23.141607130919457,0,1.4410079093377741,1
22,1,26.354109017985465,0,1.4967655697483742,1
18,4,26.881550471892893,1,1.103643704900776,1
11,5,27.566098883379766,1,0.7536598495500847,1
17,3,25.50080313214055,1,1.042487850560087,1
5,1,28.297840153363964,1,0.5095853748553533,0
17,5,33.61849008030842,0,1.2458141020075395,1
18,5,24.15855748067605,1,1.0440226935808417,1
21,5,30.337179874739135,0,1.4303235072015137,1
4,0,33.20569346601195,1,0.4089347358405238,0
23,5,25.751647687918926,1,1.4114607392148526,1
8,0,25.53874921849237,1,0.6301547342474417,0
2,5,28.23598875103125,1,0.2574732360626478,0
9,2,28.0539149101823,1,0.7742594958339446,0
18,1,31.712018819546707,0,1.313238765548899,1
2,2,26.100217524230978,0,0.5637695368999507,0
21,5,34.9340901438705,1,1.2424142783211385,1
14,1,19.01101667074377,1,0.9266679622352726,1
0,1,18.053853425871928,0,0.44197342522592026,0
6,6,28.883371296513605,1,0.5609097355877128,0
11,3,23.073393510151902,1,0.8028684152689113,1
16,2,22.086500607891224,0,1.243609850003649,1
20,3,23.30228436007277,1,1.1842456634402945,1
23,1,22.352808606784222,1,1.321412697902197,1
19,0,18.52343084422761,0,1.36663037551621,1
4,1,34.51606172064001,0,0.6466564036170536,0
3,3,21.75267330369729,0,0.5388639649611697,0
11,2,30.478505964018208,1,0.8032585982857193,1
19,5,30.964138709800977,0,1.422630837274309,1
23,6,33.7973757661229,0,1.5041839540463293,1
17,6,18.51934077058746,0,1.208153964810186,1
16,6,32.82482175359913,0,1.1929812470547334,1
18,5,26.962845074276604,0,1.3153806334094598,1
8,6,28.753249869419072,0,0.7737716493116475,1
3,2,28.95599471105757,1,0.4176101339433573,0
20,5,31.936562684740366,1,1.2212033430759226,1
1,6,23.66792447670488,0,0.451972352412037,0
3,5,30.46187022761989,0,0.47820452380657363,0
1,3,26.98582786527735,0,0.38420920917862467,0
14,2,31.487698243190913,1,0.9140504625140905,1
1,4,34.83928255709227,1,0.1433702186922582,0
3,0,21.41106729586394,1,0.4006318704822036,0
5,6,34.90902690651997,1,0.442092307781384,0
6,0,19.526806622807158,1,0.6621546484797367,0
9,5,18.039398314381835,1,0.7653958125308056,0
18,0,18.75075291502313,1,1.0909275465376242,1
18,2,23.81030088052495,1,1.0946831498734344,1
21,2,28.75940762153338,1,1.2997790757001015,1
11,1,19.173502195093445,0,1.035158630495902,1
2,6,18.096318847002642,0,0.41809854712819916,0
12,1,33.930547483799515,0,0.9106812267322657,1
17,0,31.972752810978804,0,1.2188982597222808,1
7,4,31.756113909363528,1,0.5791368791586933,0
20,1,33.035212683533615,1,1.2248436795253799,1
14,1,29.900582637125773,0,1.1534885727491926,1
0,2,19.774870205717384,1,0.1400151235817346,0
2,4,24.784703197253293,0,0.38419280685155616,0
7,5,30.293541269898704,1,0.5929007097651073,0
3,0,22.765685833455855,0,0.5085901863517384,0
15,1,29.685908190316038,1,0.849075606780568,1
22,4,18.41647362055009,1,1.3072531872979691,1
9,6,23.204334794953084,0,0.8896587844109339,1
11,4,27.335215716711936,1,0.7438971433939361,1
13,0,28.74552710160612,0,1.0271075806908756,1
13,4,27.809691295852485,0,1.0420318883927047,1
1,4,29.8618566932483,0,0.43147086187996087,0
22,4,18.103508720077265,0,1.4325976444029918,1
4,6,19.716000399617865,1,0.36426596615047846,0
4,1,32.77205228874547,1,0.4260639952506907,0
5,0,29.58972694953274,1,0.466083927068825,0
12,6,19.919837925662193,0,1.008402990298341,1
8,4,32.31526543577585,1,0.550242575907331,0
21,4,22.117930703017638,0,1.4409248418932168,1
14,1,26.130418031318797,1,0.7911467476778574,1
13,0,20.468340719039226,1,0.8589238331942696,1
23,2,30.07187095916901,1,1.4214428853906784,1
6,6,29.336525157242555,0,0.6262933933978948,0
19,1,21.588912009824316,1,1.1207036163341124,1
1,0,32.677813036569034,1,0.2664553389355065,0
6,6,24.822202411735105,0,0.7626421317213743,0
5,4,22.97275654820261,1,0.42758876918499256,0
16,0,20.5896030208971,0,1.1653874835367053,1
1,0,22.524856212764135,1,0.15155384287919582,0
2,5,18.37445766080489,0,0.5051719064654053,0
4,0,27.915377371753966,0,0.7021038020071872,0
4,2,32.317922687847116,1,0.41386792309823384,0
0,0,27.33266764050791,0,0.39888605104081437,0
7,2,21.727657352705886,0,0.7661041155383492,0
11,4,18.572376029635837,0,0.9494453998025699,1
23,2,21.648677245399647,0,1.5093492813869938,1
3,6,25.07406427720857,0,0.5911639957838853,0
12,4,30.91339428789654,0,1.0112880761555878,1
22,4,21.19332849314216,1,1.300880662596683,1
14,2,30.236454707029665,0,1.0512316986360877,1
10,1,32.737868961982024,0,0.965175396596738,1
9,3,25.717096417842072,1,0.6832351372666555,0
2,0,31.964343857924085,1,0.27235395813163493,0
21,5,27.429174916596626,1,1.300091242684097,1
13,3,28.830544230375384,1,0.8251214580807398,1
15,0,26.946733825749448,1,0.9108998253744481,1
9,0,25.87393618477281,1,0.6120148441259856,0
9,4,21.98910851018944,1,0.5614465723455955,0
11,0,23.154299010837782,0,0.9735771190209104,1
8,5,22.92949202204135,0,0.7084427560830825,1
0,0,27.57591182621485,1,0.13857780843671189,0
4,2,20.03921278140613,0,0.49622059954607345,0
19,3,33.585458741939696,0,1.3456965153604554,1
7,2,30.251137469812925,0,0.7424839769864064,0
10,5,24.82457572552429,1,0.6836651893406818,1
11,0,20.696610456948427,1,0.6978711152664712,1
0,6,32.993866885267806,0,0.341388312328168,0
21,5,32.004227531719806,1,1.2732184931773287,1
19,4,30.269266396192048,0,1.3224724034145756,1
10,2,22.61629980599112,0,0.9158179160768073,1
4,2,24.84159283637237,0,0.555737565693789,0
